id_Number,case_Number,discharge_Date
82909197904059763,100001,2020-05-14
22536193209309372,100002,
68703199806087869,100003,2020-05-16
78821194001303175,100004,
42064192206048390,100005,2020-05-25
56279192905046940,100006,2020-05-26
18843194101056588,100007,2020-05-17
96433198611152977,100008,2020-05-23
44316194208243498,100009,2020-05-28
55271198705043506,100010,
21238194611245555,100011,2020-05-14
72828201610158581,100012,2020-05-08
98522201403151046,100013,
64957196603097293,100014,2020-05-08
91137196505057266,100015,
60867197101294532,100016,
37280193303211708,100017,2020-05-16
10549198805123444,100018,2020-05-19
56008194110238916,100019,
66528194706091507,100020,2020-05-13
54965198209159495,100021,2020-05-10
14437196606081801,100022,
96838201111062637,100023,2020-05-22
78588198308232428,100024,2020-05-21
92159196211029512,100025,
50173200006217229,100026,2020-05-17
81437201709237029,100027,2020-05-22
37118193206248369,100028,
37346195008097776,100029,2020-05-18
50354193310069916,100030,
82764196303026727,100031,2020-05-24
74832197404109089,100032,2020-05-26
77339201802031888,100033,
27922200202099102,100034,2020-05-09
97711192502204570,100035,
39756201905042844,100036,2020-05-31
81953193607285493,100037,
94219201809109932,100038,
28183196906199543,100039,
11000196302028557,100040,
73381193406108077,100041,
78850200811303189,100042,
22346201505269749,100043,
70229199905132508,100044,
75894200308286802,100045,
24040197208264500,100046,2020-05-21
32611193506222925,100047,
11588198308131177,100048,2020-05-14
22900196508251533,100049,2020-05-16
50027201607272717,100050,
54735193305158527,100051,
73976195404152497,100052,
88112201008221642,100053,
92942200506042949,100054,2020-06-03
98761197105307981,100055,
65073201104225539,100056,2020-05-27
22599201306254408,100057,
38168197204174502,100058,
37197196805085282,100059,
63742196012202419,100060,
57374198901189336,100061,2020-06-01
76645196212019727,100062,
25824199705314108,100063,
44304198803035052,100064,
40505199601082606,100065,2020-05-13
68305194003296698,100066,
31852197710301637,100067,2020-05-28
89494194007066056,100068,2020-06-02
60651197008108849,100069,2020-06-03
46625194908112253,100070,2020-05-16
94981200006104179,100071,2020-05-13
77384200407156466,100072,2020-05-30
28904194506295256,100073,
79380192303119739,100074,
53393197804273758,100075,
32537198008223397,100076,2020-05-13
34206195109129831,100077,
94076200709299125,100078,
90275200110245986,100079,2020-06-04
75112200907027773,100080,
58824197508315026,100081,
80228199308137168,100082,2020-05-18
85597197105213585,100083,2020-05-16
26449192005068144,100084,
43537193012101284,100085,
77413197806225222,100086,
46497192803018176,100087,2020-06-07
94285200609253037,100088,2020-06-06
84343195712145414,100089,2020-05-29
73631194405251045,100090,
23299198207136379,100091,2020-05-15
78712198009199590,100092,
46085193211221070,100093,
60213195212152719,100094,
18755198203174258,100095,2020-06-01
62168201701288977,100096,
36592195808077168,100097,2020-06-03
24769192104186753,100098,2020-05-16
98651194710273755,100099,2020-06-04
14824200606286048,100100,
79734201806163454,100101,2020-06-01
16794197709015921,100102,
96863201407118546,100103,
24935200803051390,100104,
64228192807227392,100105,
26516195903203250,100106,2020-05-20
50156196906026765,100107,2020-05-31
86089195610283544,100108,
52724201901107021,100109,
66956201406172269,100110,
41762199601316830,100111,
83788198211274251,100112,2020-06-02
42132199511163303,100113,2020-05-18
50106198009131552,100114,2020-05-28
79907197505165304,100115,2020-05-21
88165201602123657,100116,
38612198010081079,100117,
33039193005278225,100118,
71164199501234903,100119,2020-05-19
82937195206058415,100120,
28672200603047423,100121,2020-06-06
28792199902231850,100122,2020-06-03
14319197209183397,100123,2020-05-22
52368195911252674,100124,
48172197303117702,100125,
65379193512319848,100126,
60508198505209579,100127,2020-05-23
86476196002146675,100128,
80768199807187542,100129,2020-06-05
84982198712102561,100130,
23925198509102611,100131,
14327195101088643,100132,2020-06-02
85986196107118612,100133,
58031197010032702,100134,
40102197712123957,100135,2020-06-02
86853195602203600,100136,
16030200705263597,100137,
79216193405285659,100138,2020-05-26
69878196506056281,100139,
68007197104243629,100140,
59587198308182384,100141,2020-05-21
40824199405096283,100142,2020-05-21
82830198810186318,100143,
86519197610186949,100144,
18374192405089777,100145,
61233194003221747,100146,
19938193907081508,100147,2020-06-03
42344199006221714,100148,
48729194012267467,100149,2020-06-11
91281198405149695,100150,2020-06-06
32891201502136244,100151,2020-05-20
55946196402028119,100152,2020-06-10
63295198607068665,100153,
33523200305046165,100154,
65263193606223406,100155,2020-05-24
51739195212124961,100156,2020-06-09
69930200303213694,100157,2020-06-10
34726198605163063,100158,
92299198001012420,100159,
43854200402181188,100160,
40578196901315786,100161,
32957199909166708,100162,2020-05-26
17680198801283750,100163,
97113194910039847,100164,
77636201204038532,100165,2020-05-28
12432194405194262,100166,2020-05-29
10069194909077899,100167,
45939198206116271,100168,
63723197706224319,100169,2020-06-01
45924200006138950,100170,
86757198212226640,100171,
39566194811253327,100172,
68589198807276725,100173,2020-06-14
50586196006232606,100174,
81290200201153573,100175,
16429199002268516,100176,
64425197605029615,100177,2020-06-06
11778198912235537,100178,
51442193305097769,100179,
66653198110164039,100180,
10710200509045632,100181,
95429201711171461,100182,
77363195009049358,100183,2020-06-11
87056193510252756,100184,
93837196204111477,100185,
91638193002178405,100186,
41269200705272907,100187,
59136197201096422,100188,
32279199409186175,100189,2020-06-12
22945201412054486,100190,2020-06-10
19491195804127228,100191,
34764195601314799,100192,
16176195704149983,100193,2020-05-25
49210194909266582,100194,2020-06-16
21384200512233226,100195,2020-06-16
71905201509196747,100196,2020-06-09
14583201109218857,100197,
98564195402024110,100198,
61517198910272079,100199,
61109200411168108,100200,2020-06-16
68329201507073129,100201,
38092197612048990,100202,
39430198609081325,100203,2020-06-18
41616197206225440,100204,2020-06-15
73563199608294682,100205,2020-06-09
11046195808032097,100206,
61514195210089213,100207,
87315193403259364,100208,
12340195010021507,100209,
45042193402145337,100210,2020-06-02
16255196909167295,100211,2020-05-27
45349200110272983,100212,
15225196111058263,100213,2020-06-15
83870201111143855,100214,
36532198708218813,100215,
31540200202288220,100216,2020-06-17
42975193707012687,100217,
17926195012256296,100218,2020-06-03
83524201105045678,100219,
58060201607265860,100220,2020-05-27
27153200307263044,100221,
90459195912031056,100222,
73346196507305385,100223,2020-06-14
18382201605182550,100224,2020-06-21
51456200301209491,100225,
54159200712257824,100226,2020-06-14
37423196203126153,100227,
32384193411217224,100228,2020-06-04
33795196408119226,100229,2020-05-28
86359194106179639,100230,2020-06-10
34058198310105459,100231,
39024197908024350,100232,
67340197908079090,100233,
53511199703285431,100234,2020-06-20
27048201007154661,100235,
34617199006269622,100236,2020-06-14
51615192102145036,100237,
77278193108244644,100238,2020-06-23
98103201411127876,100239,2020-06-21
70030199911266776,100240,2020-06-03
36854197110158232,100241,
43909197609187720,100242,
50775197311217246,100243,
32000196301232587,100244,
57408197307224694,100245,
31886194610105093,100246,2020-06-06
49206199001182334,100247,
81479200308258356,100248,2020-06-16
18597202002052598,100249,
29670199805129621,100250,2020-06-22
72910197306223862,100251,2020-06-02
21129200601314618,100252,
13252201806137723,100253,2020-06-11
58203198205057192,100254,2020-06-18
65274197312291462,100255,2020-06-24
99927197411248137,100256,
76362195304042855,100257,
90426197701029476,100258,
71268193204236332,100259,
42038194207235537,100260,2020-06-17
69053200308164846,100261,2020-06-18
50459198402081283,100262,2020-06-18
74226200612169693,100263,
75939198604231689,100264,
95406192408031979,100265,2020-06-13
84938201606023587,100266,2020-06-04
37499196912246561,100267,
76439199008304598,100268,2020-06-10
22594196208254293,100269,
93976196308018179,100270,
36588199903038673,100271,
18740200607168695,100272,
96605201112144012,100273,
82131196902134570,100274,
59959198203018771,100275,2020-06-13
39865195802048486,100276,
69210198510063724,100277,2020-06-12
90269200606029821,100278,
12153198711145022,100279,
28243197406151469,100280,2020-06-27
93677197811307464,100281,2020-06-23
12942194511095040,100282,2020-06-22
12058196408053072,100283,
40734199708146217,100284,2020-06-17
56680195608262876,100285,
75278195812045254,100286,
42830201201108484,100287,
83936201101153922,100288,
57451195301122808,100289,
45315196506215472,100290,2020-06-23
79544197604292922,100291,2020-06-12
40211196203274211,100292,2020-06-28
70670197608024299,100293,
65521198605163661,100294,
72938194710011474,100295,
75813196810025212,100296,
13755194108293215,100297,2020-06-11
74615198801095968,100298,
18534197502214644,100299,2020-06-30
65449195210315769,100300,2020-06-30
83065201203159535,100301,
12594199402283523,100302,
32181196507228639,100303,2020-06-29
28722197801263924,100304,
46008193412039456,100305,
24044197802076776,100306,2020-06-15
57321195204052045,100307,
23942192402013184,100308,2020-07-01
95821197202278300,100309,
63040194206292991,100310,
26328197610127729,100311,2020-06-16
13318193904048816,100312,2020-06-16
11410200112276203,100313,2020-06-23
41359195012116664,100314,2020-06-13
28196194908232768,100315,
29826201610053157,100316,
15787198103099327,100317,2020-06-26
57380195003145546,100318,2020-06-26
66005200202116616,100319,2020-06-13
93694195409031356,100320,2020-06-09
72562194106172562,100321,
63972200012223560,100322,2020-06-11
54982193509272986,100323,
88774201302034682,100324,2020-06-10
36771194307015158,100325,
54534196205078039,100326,2020-06-14
36619194109063519,100327,
86921193810213878,100328,2020-06-13
43052198803227244,100329,
93326199608063622,100330,2020-07-02
74878197008017251,100331,
13964196202146747,100332,
41688197805148582,100333,2020-06-15
45544201805205417,100334,
15288200304245705,100335,2020-07-03
39873198608048633,100336,
74130195206292610,100337,2020-06-22
65680193006253256,100338,
46224193307217806,100339,
71235201306246327,100340,
36693200010026947,100341,2020-06-30
46421196106042479,100342,2020-06-12
37329193402243464,100343,
26250194408124081,100344,
36256193501026463,100345,
23502195108061504,100346,
17806197407199293,100347,
79623194005311398,100348,
17646193408298248,100349,
42389193912112767,100350,
56526197011109378,100351,2020-06-26
27834197907081713,100352,2020-07-04
29773195401083306,100353,
57527195711077474,100354,2020-06-21
58602194709041873,100355,
73584200310242451,100356,2020-07-07
93651195711296302,100357,
73353199404255017,100358,
98839201911037684,100359,
18958201008128811,100360,
74644193212019281,100361,
56794195012292401,100362,2020-06-22
42886193912266170,100363,2020-06-16
10079196805246645,100364,
95711198812121818,100365,2020-06-30
22267201110261719,100366,2020-07-02
37599195406059381,100367,2020-06-26
24551201704285435,100368,
16875201601207556,100369,
53159194007256417,100370,
33566196310305595,100371,
11735198204092365,100372,2020-06-26
76475200210266201,100373,2020-06-22
39739195005318715,100374,
60728202005133706,100375,
81617198305022315,100376,
23558200108308970,100377,
38479196204206109,100378,
25203199303011001,100379,
69979200006115878,100380,
11752197210097262,100381,
25908198903013504,100382,
83588197206135242,100383,
73597198207046775,100384,2020-06-22
37952200912032129,100385,
16370201602151323,100386,
82162195606104414,100387,2020-07-05
11000193106287549,100388,
50500194912233304,100389,2020-06-24
80600193006213886,100390,
72943195101079263,100391,2020-06-19
91675200801257686,100392,
77572196206114344,100393,2020-06-21
21412201311209555,100394,2020-07-09
47428197507198579,100395,
23903201306126225,100396,2020-07-07
13388198107215185,100397,
44342194908049961,100398,
66311200704069271,100399,2020-07-03
35570196504015300,100400,
67825195004026483,100401,2020-06-23
70764193605287213,100402,
56217194707125018,100403,2020-06-27
55486199505086618,100404,
63226196408298839,100405,2020-07-04
94457192302151867,100406,
25521200612029208,100407,2020-06-23
39989196902286846,100408,
67164201808101567,100409,2020-07-03
56287193207269418,100410,
50793196107081043,100411,
90546201608045203,100412,
18269193711177053,100413,
72193196512094944,100414,
62542199612313163,100415,2020-06-21
72887194905169212,100416,
69009195108082531,100417,
67960196109184293,100418,2020-07-14
71446201911145582,100419,
86268196407158624,100420,2020-06-25
37173194312175743,100421,
61566199211022893,100422,2020-06-29
47605192306034004,100423,
12720194508071203,100424,
79836194812142158,100425,
97798193908162657,100426,2020-07-12
61775195703295114,100427,
20516201807045016,100428,
67720194007017971,100429,
58772193903188025,100430,
11187194511025030,100431,2020-07-04
19728198701056904,100432,
65219193003262874,100433,
52486199112055134,100434,
97558197902127115,100435,
51812199103121478,100436,2020-07-10
92663201308159194,100437,
99304196503091346,100438,
84639193111239193,100439,2020-07-15
77950194511237015,100440,2020-06-28
74231196305094234,100441,2020-06-27
93831197310121801,100442,2020-06-24
62201197103097612,100443,2020-07-06
42625198906062529,100444,
58010193702229212,100445,2020-07-16
83315201809248082,100446,
71681200702068824,100447,2020-07-12
20703199912185260,100448,
91975197008145864,100449,
34080192710185339,100450,
39702196404183652,100451,
52628197703117736,100452,
38905200909132587,100453,
19144201001159025,100454,
98787200301162261,100455,2020-07-10
94081200302083664,100456,2020-07-02
35204196405272287,100457,
94516196507108821,100458,
33825193606273517,100459,
43352196803308064,100460,2020-07-18
11229196102021457,100461,2020-07-09
21158197005068210,100462,
81212196801201450,100463,
22945196710211919,100464,2020-07-10
78459194511262611,100465,
26497194101175916,100466,
21847196112152659,100467,2020-07-11
31695198110251750,100468,2020-07-09
26456196805287723,100469,2020-07-16
30552198801166146,100470,
47811196503067577,100471,
73718195601151469,100472,
40416194502212561,100473,2020-07-19
17013194306209160,100474,
38881200009148300,100475,2020-07-01
72757201909153142,100476,2020-07-15
21790195101235301,100477,
19833193103048863,100478,
30155201802243243,100479,2020-07-18
10508198704094065,100480,2020-07-05
65960198901031168,100481,
11668201801261186,100482,2020-07-19
50237199903099036,100483,
92263193405273005,100484,
37094197902237369,100485,
47086196408014200,100486,
88370197806041674,100487,2020-07-10
64178194811215272,100488,2020-07-15
52245194006137134,100489,
23095201403143287,100490,2020-06-30
98719194207144444,100491,
14210199401032885,100492,2020-07-11
26250197803169143,100493,2020-07-17
52330196704027347,100494,
29253195411291725,100495,2020-07-03
88679192709296546,100496,
88887199901171434,100497,
65427199309256428,100498,2020-07-19
93132200609084534,100499,2020-07-06
48133199012047022,100500,
23132196809102103,100501,
14135199303057716,100502,
54092199201291469,100503,2020-07-17
15824198909277912,100504,
74952193810049722,100505,2020-07-25
13765195202058169,100506,
93700194311078827,100507,2020-07-04
78837199512161445,100508,2020-07-10
30299195203082942,100509,
25308193805318110,100510,
28216194501275367,100511,
15533198303151686,100512,
15210193410077925,100513,
98238197306068857,100514,
34575201211046370,100515,
57694201601161111,100516,
68557198603143548,100517,
65332195607082870,100518,2020-07-26
93418192302224861,100519,2020-07-27
50923199212016304,100520,
21600196302157907,100521,2020-07-06
93011198107166465,100522,2020-07-08
97579197004049799,100523,2020-07-22
13892198705176931,100524,
58693193205283334,100525,2020-07-20
15649199309297230,100526,2020-07-10
65422197204027982,100527,2020-07-20
78484194108032698,100528,
83931194704308614,100529,
95151193804095665,100530,
23756193012064379,100531,2020-07-12
23355199812029160,100532,2020-07-24
20292200008251080,100533,
90367195011044235,100534,
41281199604082853,100535,2020-07-16
48599198208253810,100536,
58746194802188117,100537,2020-07-29
70178197504211100,100538,2020-07-24
84893193704243301,100539,2020-07-07
30874195402127722,100540,2020-07-19
72773193705033838,100541,
91998198201293486,100542,2020-07-10
17881193007312368,100543,2020-07-26
66585196109293697,100544,2020-07-19
13083198308083861,100545,
19384198403307722,100546,
82983197302172591,100547,
10624198501228713,100548,2020-07-21
73360195105239595,100549,
70952195506209002,100550,
69802193907272507,100551,
22763199402037118,100552,
27874200607041393,100553,
69492193901059037,100554,
48806200110183878,100555,2020-07-12
47512198307233065,100556,2020-07-13
80691198406284013,100557,
97237194602203518,100558,2020-07-31
77592197710031998,100559,
57704193710298116,100560,2020-07-20
62910198110038585,100561,
43430195410282687,100562,2020-07-19
75588195311292042,100563,
43560195310195616,100564,
79885198007296930,100565,
45978197805213558,100566,2020-07-18
86100200407261128,100567,
39676197005285501,100568,2020-07-19
44764193802269194,100569,
60913199702027978,100570,
63948196307248259,100571,2020-07-17
54867198706199072,100572,
10574199802157501,100573,2020-07-24
71473196507307007,100574,
63285193004266894,100575,2020-07-16
71120198802045963,100576,2020-07-25
59646194107019737,100577,
48733198711119283,100578,
15021193303163729,100579,
50852201710164612,100580,2020-07-22
75396195302147640,100581,2020-07-22
20195197412221285,100582,
79943195201279993,100583,
98135194804307137,100584,
90253200711071826,100585,
34123199902174271,100586,
47188201706139110,100587,2020-07-20
18923193104308033,100588,2020-08-03
46006192309078409,100589,2020-07-28
13238197404048114,100590,2020-07-30
73593195805086141,100591,2020-07-28
28105201612121708,100592,
75361199506146649,100593,
59906194505071467,100594,2020-07-12
38375201707295463,100595,
66216196601102461,100596,2020-07-16
15681193406285211,100597,2020-07-26
91970200104135748,100598,
68539194607285475,100599,2020-07-27
73309198506179825,100600,
41686201901251529,100601,
16756196607086066,100602,2020-07-14
15840198203039088,100603,
35143196301307823,100604,
82795193707095771,100605,
60036198405141867,100606,
38883197708162984,100607,2020-08-06
69803199303102117,100608,2020-07-31
12208195408241421,100609,2020-07-26
41981199612053238,100610,
26750195101069793,100611,2020-07-18
12368197001034295,100612,
80015193001094839,100613,
22644198107279872,100614,2020-07-28
55545199502065604,100615,2020-07-16
66458197811057378,100616,
37980194508314935,100617,2020-07-22
15022194207304713,100618,2020-07-19
75266196710024017,100619,2020-07-31
23188202005113192,100620,
71274194803267233,100621,2020-08-08
82044195107278429,100622,
50515195211216301,100623,2020-07-23
85233192412291079,100624,
19493192904187874,100625,2020-07-23
29053200811047471,100626,
28692194602053565,100627,2020-07-19
40833198611238510,100628,
57452198705172592,100629,2020-07-28
77803192509133464,100630,2020-07-22
80894196807125564,100631,
75234195908233880,100632,
92000197911172272,100633,2020-07-31
11809197611167974,100634,2020-07-25
15010197409068114,100635,2020-07-31
78411194207142653,100636,2020-07-20
72373197201199208,100637,
97338195412235401,100638,2020-08-04
62018199601136338,100639,2020-07-21
43957196508087059,100640,2020-07-31
97628198603279899,100641,2020-07-21
63114200512116976,100642,
68007196407212927,100643,2020-07-23
45201196911011083,100644,
27184200506097149,100645,2020-08-03
62126197906209609,100646,
65531194605312101,100647,2020-08-09
53428196408127415,100648,
69770201001287508,100649,
52980198910085303,100650,2020-08-10
53805195005308488,100651,
69802195602127930,100652,2020-07-24
55883196006169007,100653,2020-07-22
58486198902187283,100654,
55279199504228737,100655,
94323201701109159,100656,
92525197808281272,100657,2020-08-07
90650196910198269,100658,
89382195203197116,100659,2020-08-02
24176197612032157,100660,2020-07-24
19167198005177264,100661,
28431193010105997,100662,2020-07-25
66636197112028331,100663,2020-07-30
41555197312069749,100664,
86103201606197979,100665,
47437196402187543,100666,
59693197410266083,100667,
53921201409043344,100668,2020-07-28
66958201107245400,100669,
75373194706151054,100670,
72796197903273164,100671,2020-07-23
18829201012069622,100672,
27856194911179423,100673,2020-08-10
38862198210214049,100674,
74495199608027223,100675,
17842201604019281,100676,
57505201906217268,100677,
29520199910264217,100678,2020-08-10
38659192405015124,100679,
20533199906111699,100680,
65791200801167418,100681,
12272194105192363,100682,
46638196107198265,100683,2020-08-13
62393201703014986,100684,2020-08-10
29114201804086799,100685,2020-08-08
96773200005302921,100686,
44204199412309633,100687,2020-07-30
84557197706286040,100688,2020-07-23
92021199802022487,100689,2020-08-09
17501201204085182,100690,2020-08-02
37588199506021141,100691,2020-08-13
32008199610191923,100692,2020-08-04
95200196212179106,100693,
57305199102155414,100694,
74079199303308659,100695,
50703193901231153,100696,2020-08-14
47297193509076581,100697,
65493194112232858,100698,2020-07-31
77881198211284830,100699,
25689198008154795,100700,
66044195408223817,100701,
89052196204258871,100702,2020-08-13
59220195707085669,100703,2020-08-15
38198196012204765,100704,2020-08-10
25160198111299372,100705,2020-07-27
84918199110263213,100706,
77739199303192003,100707,2020-08-08
44697194008106021,100708,2020-08-02
98977200709088010,100709,
30707198108043073,100710,2020-08-07
43827199203229742,100711,
11776200401141918,100712,2020-07-31
93806198109131142,100713,2020-08-08
84157193507138653,100714,2020-08-08
94389193804069875,100715,
55104196012158295,100716,2020-07-26
56181193201297788,100717,
48508200706042177,100718,
54487194404028226,100719,2020-08-18
10911198802109186,100720,
50394193601263994,100721,
43048196011138167,100722,2020-08-12
38698198703058894,100723,2020-08-02
98996196008304182,100724,2020-08-15
63228195111013012,100725,
66817194105053166,100726,2020-08-01
27452194509227648,100727,
49226193101209292,100728,
59411197406244842,100729,2020-08-08
17297193112088424,100730,
86875194506106510,100731,
21174201108067627,100732,2020-07-28
11741197709172493,100733,
77307196306083451,100734,
41971198201205267,100735,2020-08-16
44717195612268249,100736,
71034197302151469,100737,
39998200105071894,100738,
18487195903256126,100739,
34232197411221277,100740,
71735195601167745,100741,2020-07-27
71082194005071270,100742,
86365199706255746,100743,2020-07-30
46940196010297429,100744,2020-08-06
89738197904216257,100745,2020-08-03
90501202002214309,100746,
67488198708256021,100747,2020-08-21
48037192003198468,100748,
52667201702048410,100749,
77522195509113364,100750,2020-08-04
24157201006284954,100751,2020-08-06
21260199305048967,100752,2020-08-01
39454201310176437,100753,
45767201506207317,100754,2020-08-12
12670200503265437,100755,
22908199309102360,100756,2020-08-13
10925196309053750,100757,2020-08-13
69725198006135416,100758,
68842193508179725,100759,
94309196608184872,100760,
96031200101207752,100761,2020-07-29
43449199409101666,100762,
36911195812244758,100763,2020-08-10
96245196201225259,100764,
77155192710292759,100765,
78945201206152553,100766,
22033193611092884,100767,
46620201901217542,100768,
88147200806167142,100769,
80883193209154100,100770,
54936196409263843,100771,
77973193202158442,100772,2020-07-31
35289194303286240,100773,2020-08-17
14352201012225269,100774,2020-08-07
65525197112244906,100775,
78371197602055470,100776,
32713198610319122,100777,2020-08-13
19923202007103550,100778,
27578192212082663,100779,
65772197711209605,100780,
47127201507184334,100781,
79367198905196439,100782,
21287194909265753,100783,
21568199111016592,100784,
66514192103286119,100785,2020-08-18
65044195311081598,100786,
10976200103172892,100787,2020-08-12
19093197105136866,100788,2020-08-25
15846195602158971,100789,
75290198704111615,100790,2020-08-14
15070199710285660,100791,
60725200602261777,100792,
65600199008308582,100793,2020-08-26
69686194308187245,100794,
22823196406095419,100795,
18942200107099378,100796,
87683193812312789,100797,
49303200408191663,100798,2020-08-21
15521197410142488,100799,
35976198912208183,100800,
94903197205199692,100801,2020-08-19
96070196506299828,100802,
39592196607117283,100803,
72658199002173916,100804,
73042194802091329,100805,
56965200402028225,100806,
70630201607184170,100807,2020-08-06
75642201006218675,100808,
25931197001144946,100809,2020-08-18
68489201109263496,100810,2020-08-27
23859193102118516,100811,
33724195407282666,100812,2020-08-26
97602199205275295,100813,2020-08-20
13304194202284434,100814,2020-08-16
85384198904221897,100815,2020-08-06
42830193706304757,100816,
65076198308088549,100817,
77373201803313416,100818,
23227200402038631,100819,
52882197603069997,100820,
71864192908225059,100821,2020-08-20
89885195903084548,100822,2020-08-06
78863201807166962,100823,2020-08-10
94820199109125454,100824,
58714197607265609,100825,
80275198405213289,100826,
46966199705017884,100827,
24618192604042631,100828,2020-08-19
89016197902186744,100829,
43919194210153233,100830,
31755200603163976,100831,2020-08-23
23599195202033326,100832,
14344200906192023,100833,2020-08-22
55327195006114967,100834,2020-08-30
24098194303091312,100835,
28193200804094802,100836,
90495194310131320,100837,
37976198805303601,100838,
96876195005166531,100839,2020-08-18
17136197410157102,100840,
39926200007182743,100841,2020-08-27
62280197307187093,100842,
86167198508048949,100843,
32977192703313195,100844,2020-08-20
21605199306125244,100845,2020-08-16
31620201508049973,100846,
83610198602174606,100847,2020-08-13
27735197302033417,100848,2020-08-08
59798195308143589,100849,
57468199807213302,100850,2020-08-24
59943196207163277,100851,2020-08-29
61298200005132616,100852,2020-08-14
61551197003291284,100853,
98523200901211860,100854,2020-08-09
34537197505313168,100855,
59599194805081448,100856,2020-08-09
34865200501166729,100857,2020-08-12
21433198309123210,100858,2020-08-29
86807193310097152,100859,2020-08-26
48008194502245192,100860,2020-08-28
14337199308091141,100861,
91172200711124587,100862,
16795196311207723,100863,2020-08-29
87559195411095142,100864,2020-09-01
20856192703294513,100865,
37549194808221510,100866,
25161201010084442,100867,2020-08-21
71966201312276193,100868,2020-08-26
90428198707262119,100869,2020-08-22
28861198708042044,100870,
41029194702198060,100871,
93175201804274714,100872,
72261197808259799,100873,
74273196612183615,100874,
91178199701017481,100875,2020-08-17
58852200205141890,100876,2020-08-12
35673194409273770,100877,
79433201210203409,100878,2020-08-25
95426198204034006,100879,
98984196012162915,100880,
75310194108044864,100881,2020-09-01
65946200710014344,100882,
52762192402167650,100883,
14983197411045213,100884,
75280199108225200,100885,
57107197610282650,100886,
35511196606045273,100887,
53603195505212004,100888,2020-09-02
72174199903226581,100889,2020-08-28
50295193711081496,100890,
27364194309044087,100891,2020-08-26
31463196704291159,100892,
65168192907236789,100893,
46838199711192736,100894,2020-08-26
53038199805146586,100895,
51505196006274748,100896,
39102197011075783,100897,
28200195602033046,100898,
60753201102067872,100899,2020-09-01
77221200512067285,100900,2020-08-20
19112198902197521,100901,2020-08-21
66415200507282644,100902,2020-08-20
49955196803254471,100903,
41043198003203861,100904,
35489193402232800,100905,
58821198112141465,100906,
58086201706213671,100907,
77361199705106417,100908,2020-08-23
53569200911196709,100909,
13832198604309840,100910,
95807198102221172,100911,
82418197604154217,100912,
25908199610108508,100913,2020-09-04
45968196301197097,100914,2020-08-22
27954193510196711,100915,
49807201103269869,100916,
66831200002281927,100917,
23894194905274281,100918,
61908199309161589,100919,
58653197309039862,100920,
59653199210123661,100921,2020-09-05
67200196512263344,100922,
62402197005178555,100923,
63846194308193980,100924,2020-08-17
15940195807017447,100925,2020-08-26
69681198301026908,100926,
58829192806183699,100927,2020-09-06
49856201409165724,100928,
46604198407178692,100929,
50257196408227034,100930,
69409198808163335,100931,2020-08-25
34590192206274628,100932,2020-08-31
40181201007103988,100933,
82132199712017270,100934,
14979196812233785,100935,2020-08-16
24451195301166931,100936,
88722197609122862,100937,2020-09-01
18336192311086706,100938,
85431194203217401,100939,2020-09-09
37094198212282073,100940,
41005199106125457,100941,2020-08-26
17026195812208636,100942,2020-09-10
11938200409141402,100943,2020-09-01
66225193701235734,100944,2020-08-24
49547196310072996,100945,2020-08-18
42226199507256041,100946,2020-08-19
96135199204218198,100947,
45376194410047773,100948,
79933200911253601,100949,
14506195012098752,100950,2020-09-10
41066200406197177,100951,2020-08-23
42425196106243297,100952,
62915200605062472,100953,
72514201610059901,100954,
11150192212209396,100955,2020-09-11
92226195306195963,100956,2020-09-01
34704193103196414,100957,
77506200007078403,100958,2020-08-21
15303198204209543,100959,
15018196206093742,100960,2020-08-30
61472195202239112,100961,
74801198306163745,100962,2020-09-04
68814197101094209,100963,
20084200111277853,100964,2020-08-27
86433194006255877,100965,2020-08-27
84911197206297963,100966,
79537196004186758,100967,
77001198902163621,100968,2020-09-11
96466193210164264,100969,2020-08-23
61326196009017103,100970,
53687197612104513,100971,
27441197807132312,100972,
31873194911138344,100973,2020-08-30
58410194509296254,100974,2020-09-06
43580195007022199,100975,
18743197609261728,100976,
88165192302179333,100977,2020-08-22
17611201307169309,100978,
99665195804254219,100979,2020-09-04
99803201803168441,100980,
40221193406225232,100981,2020-09-06
85030194107266680,100982,
64108197803224928,100983,
70714198203319911,100984,2020-08-27
80578199410065879,100985,
80612197206165302,100986,2020-09-13
93069201105284729,100987,2020-08-24
29557198009268384,100988,
38355197508264818,100989,
49287196910211447,100990,
65443195608231845,100991,
53134201605291000,100992,
50608198012246880,100993,
15800197206292910,100994,
20315196411299607,100995,2020-09-08
57027195703217561,100996,
39559195803255516,100997,2020-08-28
30717193305221817,100998,
68770201701027720,100999,2020-09-09
92271200103212847,101000,2020-08-25
50414194612205277,101001,
70017193505051131,101002,
51100193612141633,101003,2020-08-30
27236194912242027,101004,
66760193007047550,101005,2020-09-11
71044193810077578,101006,2020-09-01
59077201308017147,101007,2020-09-12
91045200408141337,101008,
78102198708295514,101009,2020-09-09
48594195412084231,101010,
28790195503242333,101011,
15218197609055330,101012,
43138193005128460,101013,
83384194205106448,101014,
69675201801222157,101015,
28421201606224654,101016,2020-08-29
28180193202267580,101017,
50977194601012740,101018,2020-08-30
46347199311065582,101019,2020-09-11
28264200802251046,101020,2020-09-11
25849199106266032,101021,2020-09-10
81292196312255540,101022,2020-09-18
93901201801167412,101023,
38164195308131780,101024,
60699195007189537,101025,
17517193803217424,101026,2020-09-13
53282199311139027,101027,
71170198409283924,101028,
16115200401022500,101029,2020-08-29
71834200112245241,101030,2020-09-10
33779195204143796,101031,
35137200704126314,101032,
29971194303266307,101033,
63376195202068109,101034,2020-09-05
36301195512223342,101035,2020-09-13
71748195109271967,101036,
61217196310271071,101037,
68966196403076999,101038,
96376193002078434,101039,2020-09-09
48671197112137811,101040,
20724201607137859,101041,2020-08-29
95528198303108357,101042,2020-09-12
45847197207233532,101043,2020-09-09
89800193312047576,101044,2020-09-06
23554201603258913,101045,
14116198301049144,101046,2020-08-29
57729194010152964,101047,
78864194702046616,101048,
60652192101086406,101049,2020-09-15
43084198212162139,101050,
37262194412232544,101051,2020-09-17
89311195410238874,101052,
44333194012051013,101053,
98963202004095738,101054,2020-09-01
77816199805249780,101055,
51301199506279029,101056,2020-09-02
45481193408182978,101057,2020-09-10
34905196404151706,101058,
60510201607217417,101059,
82130198505126482,101060,
74414197408164624,101061,
77050198409024460,101062,2020-09-23
94615202004084480,101063,
91510198604163910,101064,
71381198206299428,101065,
88418196401087671,101066,
19829197006165238,101067,
16732196909243412,101068,2020-09-05
28727199907041284,101069,
25399201902273750,101070,
39565198011121631,101071,2020-09-21
69508201203142056,101072,
63702195405113297,101073,2020-09-03
15424196811307653,101074,
13083196108137644,101075,
36881193208108753,101076,
67792198208073677,101077,
79999195308042388,101078,
54657201209083334,101079,
35954194802068762,101080,2020-09-14
95308194807033236,101081,2020-09-24
33005198802106074,101082,2020-09-09
22775193209302214,101083,2020-09-19
91687193610121452,101084,
59510198804015883,101085,2020-09-10
58195196307234025,101086,
57800199110092740,101087,2020-09-16
54391199805264215,101088,2020-09-06
30419196704139745,101089,
58900192004129662,101090,
31676193306186378,101091,
29986198904077641,101092,
17657200807111600,101093,2020-09-03
76640193704055247,101094,
36166199005086058,101095,2020-09-02
70334202004037384,101096,
58168196902059227,101097,
42997197704164557,101098,2020-09-22
43010196603218781,101099,
37811194808264369,101100,
50694195401012876,101101,
84730197509055450,101102,
87995199205294311,101103,
63959200404093161,101104,
75370198610284444,101105,
38115197603277901,101106,2020-09-14
16757196110214600,101107,
31283200901042425,101108,2020-09-18
40044192212071559,101109,2020-09-18
11633200710235191,101110,
41777195607266073,101111,2020-09-15
36512193706079712,101112,
12835198709273580,101113,2020-09-09
68285201712177033,101114,2020-09-12
99428196512315092,101115,
25129197501054610,101116,
80087196806099575,101117,2020-09-11
21382199404016228,101118,
15576197704081535,101119,2020-09-27
26307194406032485,101120,2020-09-20
34639197708206415,101121,
96970194905148902,101122,
38687196411305710,101123,2020-09-27
45506199803137257,101124,
28938200007097391,101125,2020-09-06
97861193506121994,101126,
91539200708113288,101127,2020-09-13
51642196205274259,101128,2020-09-17
58285198303104826,101129,
53145196607236965,101130,2020-09-20
42500199911228425,101131,
84439195005191018,101132,
22329193504141989,101133,
75138192503291739,101134,
49394195207197803,101135,
48523194712088397,101136,
77916201807046291,101137,
61505196001093926,101138,
43151195706024434,101139,2020-09-09
89574194606238835,101140,2020-09-14
16517195104293065,101141,
66539196112237109,101142,2020-09-08
24504197211303030,101143,
97188198703111064,101144,2020-09-27
53507196206147485,101145,2020-09-21
57805200904282733,101146,2020-09-30
14095195503074735,101147,
96601198309216699,101148,2020-09-14
94378198404114447,101149,
37393192101235044,101150,
84252196401221476,101151,
26175193712035765,101152,2020-09-15
63377200910121188,101153,2020-09-14
81692201311043904,101154,
75264201704037279,101155,2020-09-11
17358198411035941,101156,2020-09-20
10246199505074396,101157,
16985200408021817,101158,
38368198111302252,101159,2020-09-16
13073197202023373,101160,2020-09-30
24587197605258255,101161,
67654194309124878,101162,2020-10-02
46926196705138880,101163,2020-09-30
24830195801012724,101164,2020-09-25
52432196908171529,101165,
20679200406262880,101166,
43198193307086509,101167,
78803199503084152,101168,
81265201309273492,101169,
18732199010012293,101170,
55003198009195046,101171,
84033200204197930,101172,
32518201911088168,101173,
67565200312033325,101174,2020-09-16
49820200501152108,101175,
86874194812318374,101176,
33530195501086625,101177,2020-09-16
97756194303243808,101178,
35760196504033891,101179,
74002201003265980,101180,2020-09-12
35559194308042370,101181,
64914195405172874,101182,
82305194811239654,101183,
32928199203287199,101184,
12365196507176603,101185,2020-09-27
82782196605032528,101186,2020-09-22
43388192402018325,101187,2020-09-16
51948193507012272,101188,
27962195008078006,101189,
43581201611294204,101190,
50097195909309626,101191,2020-10-05
32937199606018461,101192,2020-09-25
45357194507257839,101193,2020-09-23
95993201908241700,101194,
96669198607208078,101195,2020-09-20
50969195806153735,101196,
96574198506243934,101197,2020-09-18
14064195408124707,101198,
22326197312094752,101199,2020-09-26
45324200103122448,101200,
60457193304066986,101201,
57011197402063682,101202,
55478196901094372,101203,2020-09-15
77897193903269939,101204,
15831195206289542,101205,2020-09-26
82059194501242291,101206,
39041197009179377,101207,
69025201810206997,101208,
64809197710018872,101209,
52981194512066296,101210,2020-10-07
85727192001121385,101211,
19273199803141039,101212,2020-09-21
95913200905045695,101213,2020-09-29
32358198703044077,101214,2020-10-02
79629198703075618,101215,
11637195506273358,101216,2020-09-21
92634193202087367,101217,
38140201201235240,101218,
25660193711198164,101219,
41172199412073408,101220,2020-10-01
81636194112247030,101221,2020-09-24
86212199802282517,101222,2020-09-27
60968195207132237,101223,
61123194101316146,101224,
34909200007282303,101225,
73365193502131162,101226,2020-10-09
86133200205277114,101227,
48416193701184246,101228,
33755193307088712,101229,
20204195405024534,101230,2020-09-26
82194193208238260,101231,
86793195608099002,101232,
34259196002292903,101233,
99039196805181995,101234,2020-10-01
81246197512137499,101235,
22224195007204210,101236,
71835198002245487,101237,
67513194601224449,101238,
46687195902259006,101239,
78313199302249009,101240,
41874198906193284,101241,2020-09-23
58428195801085055,101242,2020-09-19
39016193504034072,101243,2020-10-06
52454201105211012,101244,
76641201303017597,101245,
65251194912264821,101246,
60288197902059830,101247,2020-10-02
73215195004099975,101248,2020-09-25
96120198812169759,101249,
47484196412054286,101250,
33762193104296352,101251,2020-10-12
79420201712149663,101252,
93173200402254771,101253,2020-10-03
62006196504204967,101254,2020-10-10
82334192812226508,101255,
72376195101264997,101256,2020-10-13
42883197411308036,101257,
81888193111183381,101258,
30747199211041917,101259,2020-09-26
86794198011245835,101260,
36210200907283566,101261,2020-10-13
94458197602045733,101262,2020-10-02
12214199302213819,101263,2020-10-04
90485198301182381,101264,
33078194801215899,101265,2020-09-20
85210194505273137,101266,2020-09-20
46812194310312464,101267,2020-09-27
89973199907047111,101268,
37108200802136350,101269,2020-09-29
16742199701139516,101270,2020-10-10
34040198109107523,101271,2020-09-22
76581197505107492,101272,
78880197708096309,101273,
39629194811162496,101274,
50699196104073566,101275,
92406193111147982,101276,
30739193306011264,101277,
10717200801173036,101278,2020-10-15
17272201211294238,101279,
99173195404102512,101280,2020-10-10
30260194405261399,101281,
24865192205152630,101282,2020-10-02
54901196606116760,101283,
24814200009297271,101284,2020-10-07
62437193308055791,101285,
18199193511198805,101286,
60134196608273929,101287,2020-10-10
76078193412247315,101288,
95749200302048945,101289,
48248195607155088,101290,
64837199602146795,101291,2020-10-15
96977193401196624,101292,
57698195109102108,101293,2020-10-12
65065198207283520,101294,
68207196607262796,101295,
13221196705212956,101296,2020-09-28
52221197602147226,101297,
72448199502273886,101298,2020-10-01
26612198312149461,101299,
58606200109155709,101300,
89831198511208068,101301,2020-09-30
63825199212216204,101302,2020-10-12
12143198710063133,101303,
20140198202101107,101304,
20748201311146653,101305,2020-09-28
64200195203038156,101306,
97445199007302683,101307,
17289199210058043,101308,
83261201409213592,101309,2020-10-07
72034197806203234,101310,2020-10-13
40262198405133579,101311,
25148193005258307,101312,
82328197311017291,101313,2020-10-13
85937201803151341,101314,
40566196405194944,101315,
46872194605304536,101316,
73256198008042701,101317,
55943201812211560,101318,
89051200103055237,101319,2020-09-25
64269195210168445,101320,
92230192511268069,101321,
71281195908086786,101322,
48884195905311939,101323,
79712198003188334,101324,2020-10-07
26727199407058206,101325,2020-10-18
36433198911174724,101326,
93331197303026976,101327,
45379200202209798,101328,2020-10-07
60154201008144325,101329,
17828197007083008,101330,2020-09-29
20438197906257767,101331,2020-09-29
63780198712087645,101332,2020-10-14
54554197408078070,101333,2020-10-14
36193199208109528,101334,2020-10-01
75637194010021752,101335,2020-10-20
55845199109265470,101336,2020-10-18
12136201809061140,101337,2020-10-13
97099192105176558,101338,
40722196905306262,101339,2020-10-19
87354201303265671,101340,
57461192710264777,101341,
71531201508197092,101342,
43328198312259570,101343,
60463195905036276,101344,
30514196812028872,101345,2020-10-22
96713198312173287,101346,2020-10-04
29530197209084100,101347,2020-10-09
88337195712018998,101348,
66840200009046794,101349,
93376196007268146,101350,2020-10-07
19138196106227612,101351,2020-10-21
14551198602148225,101352,2020-10-12
84057195105204086,101353,
52248198111052981,101354,
43762200911288042,101355,2020-10-24
80631197812311538,101356,
16422196003223701,101357,2020-10-14
18792200004025638,101358,2020-10-03
48522195909026162,101359,
79061193101043887,101360,2020-10-05
75074202003175458,101361,
56887199810117142,101362,2020-10-20
88798196107132058,101363,2020-10-19
48242197803084049,101364,
44268195410253192,101365,
27234199307058821,101366,
46903198209247170,101367,
70830193107031146,101368,2020-10-26
58306194904149311,101369,2020-10-06
27957198709011221,101370,2020-10-25
86790197709153629,101371,
50110197207196038,101372,
35549200612111365,101373,
79628200405196447,101374,
69952197505294158,101375,2020-10-08
63341192810162261,101376,
25875199008214362,101377,2020-10-27
36158198010305214,101378,
25719193304193172,101379,
48544201506041481,101380,2020-10-25
77489193310098578,101381,
87635201407098619,101382,
32095196506256349,101383,
70298200706161264,101384,
40529196707112459,101385,2020-10-09
16774201407316400,101386,
49025199710278495,101387,2020-10-27
67332199905156304,101388,2020-10-20
40403201912218150,101389,2020-10-18
18163192501142387,101390,2020-10-09
93969196505084849,101391,2020-10-15
35705196206181806,101392,
71504192705183509,101393,2020-10-15
17151194408096188,101394,
38308195602022462,101395,2020-10-21
90564201602059782,101396,
97889198302241880,101397,
99330192503042543,101398,
16376193011263798,101399,
11719193302038879,101400,2020-10-25
14797194108017593,101401,
25595196312315355,101402,
21838199304282408,101403,2020-10-09
21205200701161405,101404,
26249195908104505,101405,
53474200601216832,101406,2020-10-25
20440197110203689,101407,
98232200511128512,101408,
33639194210264137,101409,
33984201001172983,101410,2020-10-15
40792198112116827,101411,2020-10-09
92746200805058540,101412,2020-10-27
55290197201108528,101413,2020-10-24
60931199703134845,101414,
71959198808153785,101415,2020-10-18
55520200003073540,101416,
95115200606156814,101417,
35669197209102741,101418,
75605196406071417,101419,2020-10-10
93850193307152104,101420,2020-10-12
11340193711255272,101421,
91458195212108328,101422,2020-10-16
61676196411082181,101423,2020-10-24
85340200108162163,101424,
63314201403134240,101425,2020-10-09
97794199712164630,101426,
27150197409229138,101427,
29339192302261953,101428,2020-10-31
97927195201062241,101429,
33845200709263484,101430,2020-10-17
97417195807189541,101431,2020-10-29
96835196403175577,101432,2020-10-20
81389201204027010,101433,2020-10-23
99348198601165616,101434,
36350199511224978,101435,
66793194202138893,101436,2020-10-19
76736195905171365,101437,2020-10-28
60274192712206465,101438,2020-10-11
95229193111022430,101439,
55055196607124315,101440,
24037199911078666,101441,
29611193312233123,101442,2020-10-17
27710198711287026,101443,
51913200104281915,101444,2020-10-17
99823201510073239,101445,
15176201901045532,101446,
64134199210151043,101447,2020-10-12
50753196009169162,101448,
18459201008319703,101449,
18462201309084976,101450,2020-10-11
93382193807268286,101451,
85311196609188042,101452,
20354194402117603,101453,
40777194009196395,101454,2020-10-15
84297197608257849,101455,
67089201505124737,101456,2020-10-16
50936200801084032,101457,
46584193610252378,101458,2020-10-25
52272197601229625,101459,
34795198504309799,101460,2020-10-21
94248194706155619,101461,
89410201207179515,101462,
92976198702162111,101463,2020-10-24
74181197612073452,101464,2020-10-25
49081192304246545,101465,
51003196805161018,101466,2020-11-02
60803195105272452,101467,
11414201404198874,101468,
41907193704174063,101469,
73877193708104104,101470,2020-11-04
64738196407014685,101471,
57677194203031050,101472,2020-10-19
76647192405232765,101473,2020-10-20
16990196704229556,101474,
17018200012094877,101475,2020-10-24
57596200409127390,101476,
54346197401095012,101477,2020-10-28
93886197311058220,101478,2020-10-21
78105194905138224,101479,
21082195610114682,101480,2020-10-17
49125201109193993,101481,2020-11-03
84599192508053446,101482,2020-11-04
39959196808159837,101483,
71763198305048178,101484,
64520194002188134,101485,2020-11-07
12124201810264437,101486,2020-10-15
80396195912168553,101487,
39361197303264030,101488,2020-10-29
43418200605178095,101489,
39726201012012795,101490,
37110194304126254,101491,2020-10-25
59964194907256925,101492,
61404194606161637,101493,
35219201510297391,101494,
93779197208159855,101495,2020-11-06
24475195309217516,101496,2020-11-05
99550198701235266,101497,
21219197705137654,101498,
77422200507115443,101499,
99038198607267177,101500,2020-10-30
92540197304055078,101501,2020-10-27
92754201412067275,101502,
99577201212153782,101503,
10533201306197736,101504,
47766196711231603,101505,2020-10-25
71128201908314637,101506,2020-10-22
73368195705273268,101507,
26131196108167516,101508,2020-11-02
36397199210054093,101509,2020-10-28
96411197808209301,101510,
58965196805212947,101511,
23317193306215349,101512,
76042201007122765,101513,
60125201102172239,101514,2020-11-06
41692198305094092,101515,
17918195602093683,101516,2020-10-26
70061193404213472,101517,
62108200201198183,101518,2020-11-02
60467199410044353,101519,
58223198104262464,101520,
63785198302204463,101521,
65889197006242494,101522,
73804196905208219,101523,2020-10-31
89181196212173821,101524,
65846194210317760,101525,
13329194306163104,101526,
98063198211017769,101527,
74995199005104859,101528,2020-10-28
20463194707311804,101529,2020-10-30
85312194007091493,101530,2020-11-02
54690193008264875,101531,2020-10-30
31275198307251883,101532,
45325201201013437,101533,2020-10-22
40466196307144100,101534,
36090197603217525,101535,
63327196312229786,101536,
91356197805126377,101537,2020-10-28
65037195301183242,101538,2020-11-08
90397194503058642,101539,
36215196309227023,101540,
65713200509234365,101541,2020-10-21
74884192003187639,101542,
30382193509174862,101543,2020-11-02
84096194704131442,101544,
90133196111028698,101545,
34602199901141721,101546,
51140197505233395,101547,2020-11-06
22512193607252965,101548,2020-11-06
70626197603206076,101549,
20346194305264554,101550,
35463196811144776,101551,2020-11-05
44133194904245119,101552,
88468194703313042,101553,
77946193512111691,101554,
61224198612101949,101555,
63110201411024441,101556,
35916197602013855,101557,
96706194005272011,101558,
35562195206059856,101559,2020-11-10
43638193812298042,101560,
97398195106024738,101561,2020-10-29
64713194508097969,101562,2020-11-17
74619195508105707,101563,
85506196307261668,101564,2020-11-11
76612193702236392,101565,
18258195310152061,101566,
69222195101184648,101567,
32730199301224866,101568,
98652196307013106,101569,
11585198407125464,101570,
43380197104273770,101571,
19925194010209127,101572,
75845196003206238,101573,
84826196812186406,101574,2020-10-25
30949197503099889,101575,2020-11-09
16214199703204276,101576,
70330201001207828,101577,2020-11-03
32571200212035006,101578,
24387197101214108,101579,
96950198903269644,101580,2020-11-10
23566201807126775,101581,2020-11-11
54576198401168322,101582,
59688198309289561,101583,
84025200908065465,101584,2020-10-30
41193195803276992,101585,
83822194311026258,101586,2020-11-15
67605192502198036,101587,2020-11-16
58658200501309273,101588,
82626199401092870,101589,2020-11-18
91129194904175994,101590,2020-11-03
58404193109269043,101591,
32828201710222442,101592,2020-10-27
56159195806185227,101593,2020-10-27
54264195603268628,101594,2020-11-15
28657194211125476,101595,2020-10-29
73086195006255711,101596,2020-11-03
62913200808046835,101597,2020-10-31
34850197711292889,101598,2020-11-06
15091199610044822,101599,
19939195805273245,101600,2020-11-18
54066194408025465,101601,2020-11-01
39064193505273168,101602,
67551198005122586,101603,
71254195010054857,101604,
28905196805106020,101605,
37221193403282487,101606,
77102197709089978,101607,2020-11-20
58982199101296342,101608,
88678200902208668,101609,
23747201911302651,101610,
72312193812306036,101611,
90809197005073931,101612,
74556198204179232,101613,2020-11-01
16698196107248787,101614,
85918195906029589,101615,2020-11-17
83207196002251553,101616,
55547194703259139,101617,
12879195308161211,101618,
40619201312267159,101619,2020-11-09
77934200111141904,101620,
21067192610224576,101621,
24164198910018476,101622,2020-11-07
28985198307028179,101623,
17145200905035856,101624,2020-11-10
73035198012107800,101625,2020-11-04
18142201205096416,101626,
79348195009093181,101627,
96025201710299067,101628,
32348198707205244,101629,2020-11-19
62024194201066213,101630,
21221200010056324,101631,
49651198911184412,101632,
64308196808021373,101633,2020-11-17
90587199409079857,101634,
62120198104178610,101635,2020-11-14
79482196406235286,101636,
84452197702054791,101637,
44198196810031436,101638,
28762200712026972,101639,
51860202004274527,101640,
85532193003307879,101641,2020-11-06
48588195608229868,101642,
18600195908059015,101643,2020-11-05
90755192410096483,101644,
60641198201029653,101645,
15328192705304813,101646,
82969197709193673,101647,2020-11-23
17273193306182055,101648,2020-11-20
81503198809298521,101649,
31886200408288820,101650,2020-11-16
99410193610189468,101651,
69465195711288934,101652,
75477202001097288,101653,2020-11-15
18109200712034227,101654,2020-11-21
73229197803194344,101655,
91927198909074472,101656,
82875200310258585,101657,2020-11-05
90748201409263358,101658,2020-11-25
46209198603273764,101659,2020-11-03
61365201911074015,101660,
74630194404288717,101661,
86059196503145601,101662,
87431197904111612,101663,
43677194512221595,101664,2020-11-09
70163194211163825,101665,
70319199304289648,101666,2020-11-10
22762199109017707,101667,2020-11-10
61143201812226140,101668,2020-11-25
60031192411285116,101669,
35180197211144967,101670,
63134200906252893,101671,
97299200912137916,101672,
50979194407205938,101673,2020-11-04
82206194304125733,101674,2020-11-07
52314201008097109,101675,2020-11-17
85472200112102880,101676,2020-11-21
13107192503038445,101677,2020-11-28
99873199305275129,101678,
58975194510049100,101679,2020-11-07
20789195412208556,101680,2020-11-14
30294193408108403,101681,2020-11-09
39561199908232142,101682,2020-11-17
82469200908131754,101683,2020-11-12
39257194105015468,101684,2020-11-13
50287196510269686,101685,
13085193112231526,101686,2020-11-06
